time,latitude,longitude,depth,mag,magType,nst,gap,dmin,rms,net,id,updated,place,type,horizontalError,depthError,magError,magNst,status,locationSource,magSource
2018-11-08T22:35:24.300Z,36.0548333,-117.5971667,1.97,0.89,ml,9,109,0.0877,0.08,ci,ci38354672,2018-11-08T22:38:52.029Z,"31km ENE of Little Lake, CA",earthquake,0.31,0.58,0.147,9,automatic,ci,ci
2018-11-08T22:32:32.680Z,33.4818333,-116.5031667,16.26,0.88,ml,21,133,0.07897,0.27,ci,ci38354664,2018-11-08T22:36:06.013Z,"18km ESE of Anza, CA",earthquake,0.72,1.04,0.269,19,automatic,ci,ci
2018-11-08T22:25:24.100Z,60.1567,-141.4784,0,1.8,ml,,,,1.17,ak,ak20336006,2018-11-08T22:28:00.728Z,"53km E of Cape Yakataga, Alaska",earthquake,,0.7,,,automatic,ak,ak
2018-11-08T22:23:36.060Z,19.4058342,-155.290329,-0.21,1.73,md,13,82,0.009167,0.1,hv,hv70679846,2018-11-08T22:26:47.240Z,"6km WSW of Volcano, Hawaii",earthquake,0.15,0.32,0.17,8,automatic,hv,hv
2018-11-08T22:15:12.120Z,38.7903328,-122.7626648,0.94,0.48,md,7,92,0.01973,0.02,nc,nc73108491,2018-11-08T22:29:02.760Z,"2km NNW of The Geysers, CA",earthquake,0.34,0.69,0.03,2,automatic,nc,nc
2018-11-08T22:09:25.630Z,33.511,-116.7968333,3.94,0.1,ml,14,139,0.00324,0.12,ci,ci38354656,2018-11-08T22:21:54.452Z,"10km NE of Aguanga, CA",earthquake,0.36,0.46,0.096,8,reviewed,ci,ci
2018-11-08T22:07:38.780Z,34.1531667,-117.4748333,7.51,0.88,ml,27,66,0.0556,0.12,ci,ci38354648,2018-11-08T22:17:54.897Z,"6km NNW of Fontana, CA",earthquake,0.23,0.42,0.084,11,reviewed,ci,ci
2018-11-08T21:58:50.720Z,38.7733345,-122.7713318,9.08,1.55,md,9,175,0.02937,0.07,nc,nc73108486,2018-11-08T22:13:03.670Z,"1km WSW of The Geysers, CA",earthquake,1.41,4.46,0.52,2,automatic,nc,nc
2018-11-08T21:19:47.340Z,45.8603333,-111.345,4.03,1.76,ml,15,89,0.304,0.17,mb,mb80322894,2018-11-08T21:30:26.300Z,"1km WNW of Manhattan, Montana",earthquake,0.44,12.3,0.085,6,reviewed,mb,mb
2018-11-08T21:17:27.180Z,38.7874985,-122.7433319,1.34,1.19,md,10,85,0.006691,0.02,nc,nc73108481,2018-11-08T21:32:03.492Z,"2km NE of The Geysers, CA",earthquake,0.25,0.57,0.15,2,automatic,nc,nc
2018-11-08T21:07:01.580Z,-34.3517,116.87,10,5,mb,,66,1.453,1.08,us,us1000hpej,2018-11-08T22:43:06.888Z,"63km SSW of Kojonup, Australia",earthquake,8,1.9,0.085,45,reviewed,us,us
2018-11-08T21:06:13.228Z,63.8402,-149.3208,128.5,1.9,ml,,,,0.32,ak,ak20335898,2018-11-08T21:10:02.309Z,"17km W of Healy, Alaska",earthquake,,1.1,,,automatic,ak,ak
2018-11-08T20:55:33.770Z,36.0908333,-117.6595,1.56,1.15,ml,15,51,0.1017,0.09,ci,ci38354576,2018-11-08T21:12:14.120Z,"26km E of Coso Junction, CA",earthquake,0.14,0.26,0.212,11,reviewed,ci,ci
2018-11-08T20:20:35.330Z,38.7888336,-122.7444992,1.21,1.79,md,14,56,0.008255,0.03,nc,nc73108466,2018-11-08T20:52:03.215Z,"2km NE of The Geysers, CA",earthquake,0.24,0.49,0.17,5,automatic,nc,nc
2018-11-08T20:16:17.330Z,45.9081667,-111.4148333,-2,1.49,ml,7,176,0.281,0.05,mb,mb80322844,2018-11-08T21:59:24.410Z,"8km NW of Manhattan, Montana",quarry blast,0.54,31.61,0.323,5,reviewed,mb,mb
2018-11-08T20:14:45.710Z,33.6603333,-116.7336667,14.51,0.87,ml,22,94,0.05066,0.07,ci,ci38354528,2018-11-08T20:26:31.352Z,"9km S of Idyllwild, CA",earthquake,0.18,0.31,0.164,21,reviewed,ci,ci
2018-11-08T19:45:34.140Z,33.8203333,-117.6656667,5.56,0.8,ml,7,230,0.05334,0.16,ci,ci38354488,2018-11-08T20:04:05.261Z,"11km WSW of Corona, CA",earthquake,0.67,0.89,0.015,3,reviewed,ci,ci
2018-11-08T19:29:57.447Z,61.7518,-151.3002,29,1.9,ml,,,,1.29,ak,ak20335892,2018-11-08T19:34:34.824Z,"66km W of Willow, Alaska",earthquake,,0.4,,,automatic,ak,ak
2018-11-08T19:03:42.849Z,57.3909,-153.4153,3.7,2.1,ml,,,,0.53,ak,ak20335889,2018-11-08T19:06:44.004Z,"37km ESE of Larsen Bay, Alaska",earthquake,,0.3,,,automatic,ak,ak
2018-11-08T18:56:38.354Z,37.0682,-117.7838,13.2,1,ml,5,215.71,0.198,0.0873,nn,nn00664745,2018-11-08T19:17:16.340Z,"46km ESE of Big Pine, California",earthquake,,11,0.51,4,reviewed,nn,nn
2018-11-08T18:52:18.010Z,18.1781,-64.8718,29,2.27,md,5,344,0.9776,0.21,pr,pr2018312004,2018-11-08T21:45:46.579Z,"19km SSE of Charlotte Amalie, U.S. Virgin Islands",earthquake,6.26,17.04,0.11,3,reviewed,pr,pr
2018-11-08T18:49:20.657Z,64.3487,-151.028,15,1.5,ml,,,,0.59,ak,ak20335885,2018-11-08T18:53:35.761Z,"75km SSW of Manley Hot Springs, Alaska",earthquake,,0.2,,,automatic,ak,ak
2018-11-08T18:33:04.292Z,69.6218,-144.2639,0,2.9,ml,,,,0.77,ak,ak20335879,2018-11-08T18:44:46.147Z,"61km SSW of Kaktovik, Alaska",earthquake,,0.8,,,automatic,ak,ak
2018-11-08T18:28:33.590Z,44.0826666666667,-122.836166666667,12.74,1.22,ml,7,101,,0.08,uw,uw61503147,2018-11-08T19:16:28.640Z,"15km ENE of Springfield, Oregon",explosion,0.42,0.95,0.267963955368372,5,reviewed,uw,uw
2018-11-08T18:28:29.340Z,33.4956667,-116.7908333,4.5,0.4,ml,19,96,0.01846,0.09,ci,ci38354432,2018-11-08T19:33:30.290Z,"9km NE of Aguanga, CA",earthquake,0.21,0.27,0.192,11,reviewed,ci,ci
2018-11-08T18:17:02.619Z,56.0588,-149.9913,12.6,3.4,ml,,,,0.72,ak,ak20335871,2018-11-08T19:36:18.748Z,"242km SE of Kodiak, Alaska",earthquake,,9.1,,,reviewed,ak,ak
2018-11-08T18:14:00.463Z,61.0576,-147.5786,41.5,1.9,ml,,,,1.06,ak,ak20335869,2018-11-08T18:18:30.288Z,"66km W of Valdez, Alaska",earthquake,,1,,,automatic,ak,ak
2018-11-08T18:11:53.979Z,68.649,-147.3513,0,2.3,ml,,,,0.57,ak,ak20335867,2018-11-08T18:23:31.009Z,"94km NW of Arctic Village, Alaska",earthquake,,0.4,,,automatic,ak,ak
2018-11-08T18:04:24.190Z,36.0861667,-117.6491667,2.15,0.37,ml,9,89,0.1073,0.06,ci,ci38354424,2018-11-08T19:36:23.095Z,"27km E of Coso Junction, CA",earthquake,0.17,0.33,0.118,4,reviewed,ci,ci
2018-11-08T17:53:28.326Z,57.0859,-152.8742,0.8,2.3,ml,,,,0.42,ak,ak20335866,2018-11-08T19:39:05.187Z,"77km SSW of Kodiak Station, Alaska",other event,,0.4,,,reviewed,ak,ak
2018-11-08T17:44:11.870Z,36.6761665,-121.3013306,3.38,2.36,md,38,105,0.06605,0.08,nc,nc73108411,2018-11-08T19:50:02.839Z,"13km S of Tres Pinos, CA",earthquake,0.28,1.17,0.21,35,automatic,nc,nc
2018-11-08T17:32:46.210Z,33.7818333,-116.137,8.04,1.13,ml,30,173,0.07195,0.14,ci,ci38354368,2018-11-08T19:27:41.332Z,"10km NE of Indio, CA",earthquake,0.32,0.53,0.171,19,reviewed,ci,ci
2018-11-08T17:30:32.610Z,33.7828333,-116.1375,8.45,0.97,ml,28,87,0.07134,0.13,ci,ci38354360,2018-11-08T19:22:22.389Z,"10km NE of Indio, CA",earthquake,0.24,0.58,0.119,13,reviewed,ci,ci
2018-11-08T17:26:58.710Z,33.7815,-116.1341667,8.41,1.1,ml,32,88,0.07433,0.13,ci,ci38354352,2018-11-08T19:19:10.100Z,"10km NE of Indio, CA",earthquake,0.3,0.56,0.153,17,reviewed,ci,ci
2018-11-08T17:17:45.280Z,33.7825,-116.1386667,8.42,1.75,ml,32,87,0.07046,0.13,ci,ci38354336,2018-11-08T19:03:45.899Z,"10km NE of Indio, CA",earthquake,0.21,0.53,0.1,12,reviewed,ci,ci
2018-11-08T17:16:50.040Z,33.7793333,-116.1338333,7.87,3.2,ml,119,34,0.07507,0.17,ci,ci38354328,2018-11-08T21:20:45.751Z,"10km NE of Indio, CA",earthquake,0.1,0.4,0.153,260,reviewed,ci,ci
2018-11-08T16:34:57.050Z,40.1443333,-122.1635,27.65,1.68,md,8,195,0.07033,0.14,nc,nc73108396,2018-11-08T18:28:03.546Z,"7km ESE of Red Bluff, CA",earthquake,2.45,0.96,0.117,10,reviewed,nc,nc
2018-11-08T16:07:54.400Z,-57.5419,-66.0208,10,4.9,mb,,127,2.766,0.83,us,us1000hpan,2018-11-08T17:46:28.040Z,"Drake Passage",earthquake,7.8,1.8,0.08,51,reviewed,us,us
2018-11-08T16:00:56.341Z,62.3166,-151.6158,90.1,2.2,ml,,,,0.61,ak,ak20335770,2018-11-08T16:04:22.044Z,"78km W of Talkeetna, Alaska",earthquake,,0.8,,,automatic,ak,ak
2018-11-08T16:00:29.535Z,38.3795,-118.8955,8.2,1.1,ml,12,80.09,0.128,0.2012,nn,nn00664714,2018-11-08T16:58:39.767Z,"28km SW of Hawthorne, Nevada",earthquake,,2.5,0.42,5,reviewed,nn,nn
2018-11-08T15:05:40.360Z,33.4891667,-116.7813333,4.37,0.53,ml,22,49,0.08446,0.17,ci,ci38354200,2018-11-08T16:10:11.791Z,"9km ENE of Aguanga, CA",earthquake,0.24,0.58,0.128,15,reviewed,ci,ci
2018-11-08T15:01:42.620Z,34.048,-116.8605,10.64,1.34,ml,41,69,0.04561,0.11,ci,ci38354192,2018-11-08T18:56:58.690Z,"14km N of Banning, CA",earthquake,0.15,0.44,0.112,20,reviewed,ci,ci
2018-11-08T15:01:09.150Z,37.7212,70.1876,19.98,4.6,mb,,49,0.843,0.92,us,us1000hp9v,2018-11-08T16:51:58.040Z,"41km ESE of Kulob, Tajikistan",earthquake,4.1,6.4,0.101,34,reviewed,us,us
2018-11-08T14:47:05.348Z,64.7649,-149.2083,21,1.6,ml,,,,0.49,ak,ak20335584,2018-11-08T14:54:07.603Z,"21km NNW of North Nenana, Alaska",earthquake,,0.2,,,automatic,ak,ak
2018-11-08T14:46:17.770Z,11.4445,139.0743,48.92,4.7,mb,,174,15.733,1.38,us,us1000hp9t,2018-11-08T15:01:33.040Z,"225km NNE of Rumung, Micronesia",earthquake,14.6,11.2,0.106,27,reviewed,us,us
2018-11-08T14:35:47.270Z,19.0008333,-154.7688333,20.65,1.94,md,41,289,0.4741,0.12,hv,hv70679286,2018-11-08T18:42:42.300Z,"53km SSE of Leilani Estates, Hawaii",earthquake,0.8,6.47,0.12,19,reviewed,hv,hv
2018-11-08T14:31:43.700Z,33.495,-116.7668333,7.74,0.41,ml,26,35,0.03293,0.12,ci,ci38354160,2018-11-08T18:39:51.778Z,"11km ENE of Aguanga, CA",earthquake,0.18,0.55,0.092,10,reviewed,ci,ci
2018-11-08T14:10:43.330Z,38.8411667,-122.8296667,2.54,0.92,md,29,71,0.005224,0.05,nc,nc73108371,2018-11-08T18:42:03.442Z,"10km WNW of Cobb, CA",earthquake,0.23,0.33,0.15,4,reviewed,nc,nc
2018-11-08T14:04:34.567Z,39.4702,-120.3379,5.3,1.3,ml,12,176.39,0.048,0.1717,nn,nn00664725,2018-11-08T17:41:50.478Z,"20km NW of Truckee, California",earthquake,,1.3,0.46,3,reviewed,nn,nn
2018-11-08T13:45:28.410Z,19.315,-155.22,4.08,2.34,ml,40,80,0.03388,0.11,hv,hv70679236,2018-11-08T19:13:34.960Z,"12km S of Volcano, Hawaii",earthquake,0.25,1.16,0.207,31,reviewed,hv,hv
2018-11-08T13:42:34.180Z,19.1618328,-155.4790039,31.99,1.93,md,47,113,0.01719,0.11,hv,hv70679231,2018-11-08T13:45:58.050Z,"4km S of Pahala, Hawaii",earthquake,0.58,0.81,0.08,4,automatic,hv,hv
2018-11-08T13:40:16.490Z,-2.921,119.4183,21.27,5.2,mb,,56,2.105,1.14,us,us1000hp94,2018-11-08T13:52:55.040Z,"5km ENE of Mamasa, Indonesia",earthquake,6.2,5.6,0.09,40,reviewed,us,us
2018-11-08T13:40:02.680Z,44.7798333,-111.139,10.98,1.34,ml,11,110,0.05003,0.17,uu,uu60303907,2018-11-08T20:02:21.480Z,"13km NNW of West Yellowstone, Montana",earthquake,0.49,0.9,0.125,3,reviewed,uu,uu
2018-11-08T13:24:13.129Z,64.9029,-148.9872,22.2,1.2,ml,,,,0.32,ak,ak20335493,2018-11-08T13:31:41.969Z,"36km N of North Nenana, Alaska",earthquake,,0.5,,,automatic,ak,ak
2018-11-08T13:17:22.270Z,33.4865,-116.7983333,4.39,0.28,ml,12,79,0.09376,0.15,ci,ci38354120,2018-11-08T14:19:18.158Z,"8km NE of Aguanga, CA",earthquake,0.38,0.81,0.165,5,reviewed,ci,ci
2018-11-08T12:53:09.590Z,37.4721,-116.8349,7,0.5,ml,8,277.21,0.34,0.1398,nn,nn00664719,2018-11-08T16:52:29.075Z,"44km SE of Goldfield, Nevada",earthquake,,6.7,0.71,6,reviewed,nn,nn
2018-11-08T12:51:57.240Z,33.4675,-116.4495,9.42,0.58,ml,24,113,0.05919,0.12,ci,ci38354096,2018-11-08T21:01:38.092Z,"23km ESE of Anza, CA",earthquake,0.23,0.54,0.133,16,reviewed,ci,ci
2018-11-08T12:47:44.410Z,33.5073333,-116.7985,3.8,0.27,ml,16,70,0.005256,0.1,ci,ci38354088,2018-11-08T14:19:44.034Z,"10km NE of Aguanga, CA",earthquake,0.25,0.68,0.1,5,reviewed,ci,ci
2018-11-08T12:44:12.580Z,33.4908333,-116.7853333,5.44,0.31,ml,24,46,0.02488,0.1,ci,ci38354080,2018-11-08T18:24:27.454Z,"9km NE of Aguanga, CA",earthquake,0.16,0.35,0.122,9,reviewed,ci,ci
2018-11-08T12:37:39.800Z,33.7065,-116.7393333,15.71,1.19,ml,48,31,0.02149,0.18,ci,ci38354072,2018-11-08T14:20:41.140Z,"4km SSW of Idyllwild, CA",earthquake,0.2,0.38,0.171,26,reviewed,ci,ci
2018-11-08T12:34:40.230Z,33.7815,-116.1345,7.97,1.76,ml,55,73,0.07406,0.15,ci,ci38354064,2018-11-08T18:32:31.640Z,"10km NE of Indio, CA",earthquake,0.14,0.59,0.135,21,reviewed,ci,ci
2018-11-08T12:34:24.990Z,33.7823333,-116.1358333,7.46,1.59,ml,51,75,0.0728,0.14,ci,ci38354056,2018-11-08T18:45:43.370Z,"10km NE of Indio, CA",earthquake,0.17,0.45,0.165,23,reviewed,ci,ci
2018-11-08T12:25:19.370Z,37.643,-118.9876667,3.83,0.73,md,20,60,0.01745,0.05,nc,nc73108346,2018-11-08T17:37:04.055Z,"1km NW of Mammoth Lakes, CA",earthquake,0.25,0.4,0.507,18,reviewed,nc,nc
2018-11-08T12:22:17.459Z,65.1848,-149.043,11.3,1.4,ml,,,,0.55,ak,ak20335489,2018-11-08T12:27:07.099Z,"61km NW of Ester, Alaska",earthquake,,0.4,,,automatic,ak,ak
2018-11-08T12:17:54.088Z,62.5059,-149.1283,42.9,1.9,ml,,,,0.82,ak,ak20335485,2018-11-08T12:23:42.861Z,"53km NE of Y, Alaska",earthquake,,0.6,,,automatic,ak,ak
2018-11-08T11:55:49.770Z,38.822834,-122.8030014,0.48,1.05,md,10,90,0.005553,0.09,nc,nc73108336,2018-11-08T12:16:02.228Z,"6km NW of The Geysers, CA",earthquake,0.31,0.92,0.02,2,automatic,nc,nc
2018-11-08T11:50:39.530Z,33.0351667,-116.4395,6.15,1.07,ml,52,48,0.04203,0.17,ci,ci38354048,2018-11-08T20:58:37.840Z,"16km ESE of Julian, CA",earthquake,0.17,0.44,0.134,25,reviewed,ci,ci
2018-11-08T11:49:24.990Z,36.958,-121.577,6.57,1.28,md,20,77,0.004859,0.09,nc,nc73108331,2018-11-08T19:10:02.601Z,"5km S of Gilroy, CA",earthquake,0.25,1.01,0.148,16,reviewed,nc,nc
2018-11-08T11:48:26.050Z,33.4821667,-116.7871667,3.97,0.54,ml,26,39,0.03207,0.19,ci,ci38354040,2018-11-08T14:21:48.380Z,"8km ENE of Aguanga, CA",earthquake,0.28,0.58,0.102,18,reviewed,ci,ci
2018-11-08T11:26:26.110Z,38.8154984,-122.7616653,1.38,1.12,md,15,97,0.01503,0.04,nc,nc73108321,2018-11-08T12:30:03.303Z,"3km WSW of Cobb, CA",earthquake,0.28,0.35,0.08,2,automatic,nc,nc
2018-11-08T11:20:03.930Z,35.4281667,-120.7065,5.7,1.47,md,26,62,0.03563,0.07,nc,nc73108316,2018-11-08T21:04:03.286Z,"8km SSW of Atascadero, CA",earthquake,0.22,0.62,0.163,15,reviewed,nc,nc
2018-11-08T11:18:30.550Z,33.5078333,-116.7978333,4.04,0.33,ml,15,69,0.0765,0.11,ci,ci38354024,2018-11-08T14:20:34.853Z,"10km NE of Aguanga, CA",earthquake,0.26,0.56,0.099,6,reviewed,ci,ci
2018-11-08T11:18:17.170Z,33.5088333,-116.7953333,4.08,0.19,ml,22,48,0.005478,0.12,ci,ci38354016,2018-11-08T18:49:47.110Z,"10km NE of Aguanga, CA",earthquake,0.18,0.33,0.095,9,reviewed,ci,ci
2018-11-08T11:04:45.400Z,38.8378334,-122.8291702,1.97,1.84,md,25,64,0.004991,0.04,nc,nc73108311,2018-11-08T11:36:02.997Z,"9km NW of The Geysers, CA",earthquake,0.2,0.33,0.18,5,automatic,nc,nc
2018-11-08T10:56:47.700Z,46.26,-122.060833333333,8.63,0.21,ml,12,225,,0.14,uw,uw61503097,2018-11-08T16:43:41.840Z,"37km SSE of Morton, Washington",earthquake,0.72,0.89,0.0949758340602922,9,reviewed,uw,uw
2018-11-08T10:26:10.490Z,33.483,-116.785,4.45,0.77,ml,35,39,0.03198,0.15,ci,ci38354008,2018-11-08T14:21:51.100Z,"9km ENE of Aguanga, CA",earthquake,0.17,0.36,0.118,26,reviewed,ci,ci
2018-11-08T10:24:53.130Z,33.7193333,-116.8121667,16.47,0.33,ml,16,164,0.08209,0.07,ci,ci38354000,2018-11-08T18:58:37.613Z,"8km ESE of Valle Vista, CA",earthquake,0.26,0.43,0.114,9,reviewed,ci,ci
2018-11-08T10:23:18.650Z,58.2955,-154.9968333,4.95,-0.33,ml,7,194,0.03506,0.23,av,av70810434,2018-11-08T22:35:11.920Z,"103km NW of Larsen Bay, Alaska",earthquake,1.76,0.98,0.319,7,reviewed,av,av
2018-11-08T10:21:34.472Z,36.0654,-115.5271,15.3,0.5,ml,7,122.86,0.049,0.1848,nn,nn00664718,2018-11-08T16:46:18.496Z,"13km WSW of Summerlin South, Nevada",earthquake,,2.3,0.58,3,reviewed,nn,nn
2018-11-08T10:12:22.068Z,39.5982,-120.3788,12.1,0.4,ml,4,241.07,0.251,0.172,nn,nn00664717,2018-11-08T16:37:04.531Z,"24km SSE of Portola, California",earthquake,,9.3,0.73,2,reviewed,nn,nn
2018-11-08T10:08:03.620Z,53.8596667,-166.8525,4.92,-0.17,ml,4,159,0.06716,0.14,av,av70810439,2018-11-08T22:37:55.760Z,"20km W of Dutch Harbor, Alaska",earthquake,0.73,1.66,0.323,4,reviewed,av,av
2018-11-08T10:07:07.500Z,58.2433333,-155.1448333,3.21,-0.56,ml,5,231,0.02147,0.07,av,av61814131,2018-11-08T22:02:24.120Z,"101km ESE of King Salmon, Alaska",earthquake,0.66,1,0.145,5,reviewed,av,av
2018-11-08T09:53:49.100Z,44.7775,-111.1483333,11.04,0.93,ml,14,75,0.03516,0.16,uu,uu60303902,2018-11-08T16:03:17.120Z,"13km NNW of West Yellowstone, Montana",earthquake,0.57,1.06,0.321,2,reviewed,uu,uu
2018-11-08T09:52:14.050Z,37.055,-121.5063333,6.41,0.86,md,20,81,0.0342,0.04,nc,nc73108306,2018-11-08T18:02:02.193Z,"8km NE of Gilroy, CA",earthquake,0.24,0.51,0.08,15,reviewed,nc,nc
2018-11-08T09:52:02.780Z,37.9045,-121.9858333,12.71,1.5,md,22,73,0.05769,0.06,nc,nc73108301,2018-11-08T21:14:02.337Z,"6km SW of Clayton, CA",earthquake,0.24,0.53,0.183,19,reviewed,nc,nc
2018-11-08T09:49:14.190Z,33.3095,-116.2605,11.46,0.54,ml,43,74,0.09093,0.18,ci,ci38353992,2018-11-08T19:58:06.227Z,"12km ENE of Borrego Springs, CA",earthquake,0.21,0.37,0.069,10,reviewed,ci,ci
2018-11-08T09:49:03.590Z,44.7826667,-111.1475,11.96,1.32,ml,15,85,0.03217,0.12,uu,uu60303897,2018-11-08T16:00:39.840Z,"13km NNW of West Yellowstone, Montana",earthquake,0.48,0.7,0.437,3,reviewed,uu,uu
2018-11-08T09:47:04.290Z,44.7778333,-111.153,10.81,1.57,ml,20,77,0.03785,0.16,uu,uu60303892,2018-11-08T15:55:29.450Z,"13km NNW of West Yellowstone, Montana",earthquake,0.47,0.64,0.289,4,reviewed,uu,uu
2018-11-08T09:42:43.930Z,37.3555,-121.7275,1.95,1.15,md,20,52,0.03725,0.04,nc,nc73108296,2018-11-08T19:35:02.740Z,"9km E of Alum Rock, CA",earthquake,0.2,0.35,0.173,19,reviewed,nc,nc
2018-11-08T09:37:03.252Z,39.3949,-119.5467,7.2,0.3,ml,7,166.23,0.169,0.2015,nn,nn00664716,2018-11-08T16:30:55.401Z,"12km NE of Virginia City, Nevada",earthquake,,6.7,0.2,3,reviewed,nn,nn
2018-11-08T09:34:09.660Z,36.2403333,-89.467,5.93,1.71,md,17,56,0.03885,0.03,nm,nm60218077,2018-11-08T13:36:59.550Z,"3km SE of Ridgely, Tennessee",earthquake,0.25,0.66,0.075,12,reviewed,nm,nm
2018-11-08T09:33:46.950Z,33.4878333,-116.7888333,5.51,1.15,ml,50,36,0.0263,0.17,ci,ci38353984,2018-11-08T14:21:55.280Z,"9km NE of Aguanga, CA",earthquake,0.17,0.56,0.136,27,reviewed,ci,ci
2018-11-08T09:21:24.160Z,33.4776667,-116.7818333,4.53,0.08,ml,15,85,0.03791,0.17,ci,ci38353976,2018-11-08T14:21:19.408Z,"9km ENE of Aguanga, CA",earthquake,0.41,0.78,0.123,2,reviewed,ci,ci
2018-11-08T09:17:50.970Z,45.8583333,-111.352,7.54,1.87,ml,16,110,0.308,0.13,mb,mb80322509,2018-11-08T19:05:50.900Z,"1km W of Manhattan, Montana",earthquake,0.34,1.55,0.097,7,reviewed,mb,mb
2018-11-08T09:12:19.170Z,33.31,-116.2846667,11.74,0.67,ml,40,137,0.07104,0.2,ci,ci38353968,2018-11-08T16:45:16.917Z,"10km NE of Borrego Springs, CA",earthquake,0.3,0.7,0.119,11,reviewed,ci,ci
2018-11-08T09:09:17.655Z,62.2752,-149.3397,34.3,1.9,ml,,,,0.61,ak,ak20335473,2018-11-08T09:12:31.883Z,"29km ENE of Y, Alaska",earthquake,,0.3,,,automatic,ak,ak
2018-11-08T09:06:12.070Z,33.4831667,-116.7895,4.58,0.36,ml,34,36,0.0305,0.16,ci,ci38353960,2018-11-08T16:38:46.147Z,"8km ENE of Aguanga, CA",earthquake,0.17,0.34,0.114,12,reviewed,ci,ci
2018-11-08T09:03:01.250Z,38.8413315,-122.8396683,1.52,0.55,md,9,102,0.004262,0.01,nc,nc73108291,2018-11-08T09:44:04.309Z,"10km NW of The Geysers, CA",earthquake,0.37,0.91,,1,automatic,nc,nc
2018-11-08T09:02:48.300Z,-15.2742,-173.305,18.53,5,mb,,61,2.007,0.95,us,us1000hp6t,2018-11-08T09:22:05.040Z,"88km NNE of Hihifo, Tonga",earthquake,9.2,4.6,0.039,205,reviewed,us,us
2018-11-08T08:56:24.230Z,33.4861667,-116.785,4.08,0.33,ml,22,39,0.02911,0.13,ci,ci38353952,2018-11-08T20:46:12.194Z,"9km ENE of Aguanga, CA",earthquake,0.19,0.35,0.111,10,reviewed,ci,ci
2018-11-08T08:50:06.910Z,33.4781667,-116.5775,8.4,0.13,ml,15,103,0.07597,0.09,ci,ci38353944,2018-11-08T14:21:53.199Z,"12km SE of Anza, CA",earthquake,0.22,0.55,0.148,4,reviewed,ci,ci
2018-11-08T08:45:50.960Z,45.8556667,-111.3375,4.07,1.1,ml,11,108,0.307,0.08,mb,mb80322504,2018-11-08T18:42:20.570Z,"0km WSW of Manhattan, Montana",earthquake,0.44,7.75,0.053,5,reviewed,mb,mb
2018-11-08T08:42:31.570Z,18.666,-68.7121,41,2.55,md,9,194,0.364,0.12,pr,pr2018312003,2018-11-08T12:49:30.742Z,"5km N of Salvaleon de Higuey, Dominican Republic",earthquake,12.4,2.92,0.64,5,reviewed,pr,pr
2018-11-08T08:41:10.197Z,60.8775,-147.4936,13.6,2.2,ml,,,,0.97,ak,ak20335470,2018-11-08T08:44:19.371Z,"65km E of Whittier, Alaska",earthquake,,0.2,,,automatic,ak,ak
2018-11-08T08:30:16.710Z,2.3671,127.2763,31.55,4.5,mb,,152,1.587,0.42,us,us1000hp6j,2018-11-08T08:48:22.040Z,"107km NW of Tobelo, Indonesia",earthquake,4.7,6.7,0.101,29,reviewed,us,us
2018-11-08T08:29:47.430Z,38.8325005,-122.8030014,2.57,0.77,md,12,60,0.01064,0.02,nc,nc73108286,2018-11-08T09:16:02.143Z,"7km W of Cobb, CA",earthquake,0.4,1.08,,1,automatic,nc,nc
2018-11-08T08:29:02.225Z,63.0626,-148.5302,70.8,1.7,ml,,,,0.6,ak,ak20335381,2018-11-08T08:32:56.408Z,"42km SSE of Cantwell, Alaska",earthquake,,0.5,,,automatic,ak,ak
2018-11-08T08:19:23.660Z,37.3453331,-122.1516647,7.33,1.66,md,8,121,0.0267,0.04,nc,nc73108281,2018-11-08T08:49:02.986Z,"4km SSW of Los Altos Hills, CA",earthquake,0.47,0.87,0.05,7,automatic,nc,nc
2018-11-08T08:16:13.030Z,-27.8369,-71.2439,21.43,4.7,mb,,107,0.395,0.65,us,us1000hp6b,2018-11-08T08:33:48.040Z,"94km NNW of Vallenar, Chile",earthquake,5.2,6.6,0.117,22,reviewed,us,us
2018-11-08T08:07:10.555Z,38.4543,-118.1465,6.1,0.8,ml,6,194.53,0.023,0.0647,nn,nn00664715,2018-11-08T16:15:33.258Z,"42km E of Hawthorne, Nevada",earthquake,,1.9,0.26,3,reviewed,nn,nn
2018-11-08T08:02:13.500Z,33.4871667,-116.758,6.07,-0.02,ml,19,92,0.04341,0.11,ci,ci37200388,2018-11-08T16:34:08.119Z,"11km SW of Anza, CA",earthquake,0.18,0.44,0.126,3,reviewed,ci,ci
2018-11-08T08:01:35.480Z,33.4855,-116.7868333,4.25,-0.06,ml,24,46,0.02908,0.18,ci,ci38353936,2018-11-08T16:29:21.217Z,"9km ENE of Aguanga, CA",earthquake,0.22,0.44,0.116,3,reviewed,ci,ci
2018-11-08T07:56:39.940Z,33.6446667,-116.6861667,12.33,0.33,ml,19,106,0.07032,0.12,ci,ci38353928,2018-11-08T14:21:55.163Z,"10km N of Anza, CA",earthquake,0.28,0.55,0.303,5,reviewed,ci,ci
2018-11-08T07:40:33.310Z,19.4291667,-155.6075,-0.99,1.92,ml,22,50,0.02299,0.14,hv,hv70678861,2018-11-08T19:34:55.670Z,"27km E of Honaunau-Napoopoo, Hawaii",earthquake,0.28,0.41,0.157,16,reviewed,hv,hv
2018-11-08T07:39:55.670Z,33.5026667,-116.4998333,13.47,0.44,ml,18,91,0.06057,0.08,ci,ci38353904,2018-11-08T14:22:12.681Z,"17km ESE of Anza, CA",earthquake,0.17,0.37,0.136,9,reviewed,ci,ci
2018-11-08T07:39:04.830Z,33.4965,-116.792,4.37,0.02,ml,17,108,0.0173,0.08,ci,ci38353896,2018-11-08T18:18:31.064Z,"9km NE of Aguanga, CA",earthquake,0.17,0.24,0.099,6,reviewed,ci,ci
2018-11-08T07:38:32.950Z,35.9525,-117.34,2.73,0.6,ml,14,103,0.07674,0.13,ci,ci38353888,2018-11-08T16:24:33.195Z,"21km N of Trona, CA",earthquake,0.25,0.56,0.114,6,reviewed,ci,ci
2018-11-08T07:35:15.610Z,19.4315,-155.6101667,-0.78,2.6,ml,33,45,0.0214,0.13,hv,hv70678851,2018-11-08T18:22:47.310Z,"27km E of Honaunau-Napoopoo, Hawaii",earthquake,0.23,0.36,0.13,43,reviewed,hv,hv
2018-11-08T07:29:55.512Z,37.305,-114.983,0,0.7,ml,10,158.82,0.115,0.1191,nn,nn00664696,2018-11-08T13:38:54.248Z,"17km ESE of Alamo, Nevada",earthquake,,7.1,0.36,4,reviewed,nn,nn
2018-11-08T07:17:52.390Z,44.4006667,-112.838,8.48,1.53,ml,14,146,0.102,0.08,mb,mb80322494,2018-11-08T19:00:06.490Z,"32km SW of Lima, Montana",earthquake,0.55,0.44,0.068,9,reviewed,mb,mb
2018-11-08T07:17:40.098Z,39.7822,-120.641,6.4,1.1,ml,7,238.25,0.157,0.198,nn,nn00664712,2018-11-08T16:00:11.638Z,"15km WSW of Portola, California",earthquake,,6.8,0.09,3,reviewed,nn,nn
2018-11-08T07:03:43.460Z,48.5916666666667,-123.088666666667,12.17,1.09,ml,13,70,,0.23,uw,uw61503077,2018-11-08T17:00:57.140Z,"8km NW of Friday Harbor, Washington",earthquake,0.5,1.26,0.203116185387067,7,reviewed,uw,uw
2018-11-08T07:01:35.400Z,60.4951667,-152.7405,-3,-0.89,ml,5,112,,0.22,av,av70810424,2018-11-08T21:41:02.490Z,"1km N of Redoubt Volcano, Alaska",earthquake,0.46,0.71,0.143,4,reviewed,av,av
2018-11-08T06:55:57.690Z,33.4758333,-116.7905,3.78,0.97,ml,56,33,0.03736,0.2,ci,ci38353864,2018-11-08T16:22:25.010Z,"8km ENE of Aguanga, CA",earthquake,0.17,0.39,0.128,21,reviewed,ci,ci
2018-11-08T06:50:27.570Z,33.4985,-116.8048333,2.25,0.99,ml,43,46,0.01433,0.18,ci,ci38353856,2018-11-08T14:24:05.420Z,"8km NE of Aguanga, CA",earthquake,0.18,0.3,0.107,27,reviewed,ci,ci
2018-11-08T06:49:42.304Z,58.2548,-155.1634,1.3,1.2,ml,,,,0.33,ak,ak20335371,2018-11-08T21:34:18.640Z,"101km ESE of King Salmon, Alaska",earthquake,,2.2,,,automatic,ak,ak
2018-11-08T06:44:52.240Z,33.4968333,-116.8026667,2.53,0.81,ml,50,35,0.01562,0.17,ci,ci38353848,2018-11-08T16:10:19.600Z,"8km NE of Aguanga, CA",earthquake,0.13,0.2,0.108,20,reviewed,ci,ci
2018-11-08T06:44:15.518Z,37.3387,-115.0465,0,0.4,ml,6,189.23,0.068,0.1322,nn,nn00664710,2018-11-08T15:23:20.504Z,"10km ESE of Alamo, Nevada",earthquake,,0,0.19,2,reviewed,nn,nn
2018-11-08T06:41:31.087Z,38.3927,-118.8948,14.1,0.8,ml,8,170.17,0.337,0.1176,nn,nn00664709,2018-11-08T15:14:07.483Z,"27km WSW of Hawthorne, Nevada",earthquake,,3.6,0.35,4,reviewed,nn,nn
2018-11-08T06:20:07.150Z,44.7763333,-111.1351667,9.81,-0.03,md,10,96,0.02846,0.2,uu,uu60303882,2018-11-08T18:06:25.610Z,"12km N of West Yellowstone, Montana",earthquake,0.81,1.25,0.158,5,reviewed,uu,uu
2018-11-08T06:09:17.083Z,38.3799,-118.9069,8.2,1.1,ml,14,66.17,0.135,0.203,nn,nn00664708,2018-11-08T15:07:57.925Z,"29km WSW of Hawthorne, Nevada",earthquake,,2.6,0.14,3,reviewed,nn,nn
2018-11-08T06:08:10.632Z,66.0685,-150.9899,15.2,1.9,ml,,,,0.81,ak,ak20335364,2018-11-08T06:12:45.022Z,"91km SE of New Allakaket, Alaska",earthquake,,0.2,,,automatic,ak,ak
2018-11-08T06:04:03.570Z,53.925,-166.5896667,8.39,1.01,ml,14,132,0.09453,0.22,av,av70810429,2018-11-08T21:52:51.110Z,"5km NW of Dutch Harbor, Alaska",earthquake,0.7,1.14,0.265,14,reviewed,av,av
2018-11-08T05:38:28.650Z,33.0506667,-116.4265,7.27,0.58,ml,41,88,0.02832,0.18,ci,ci38353840,2018-11-08T16:01:35.053Z,"17km E of Julian, CA",earthquake,0.23,0.67,0.084,8,reviewed,ci,ci
2018-11-08T05:14:51.520Z,38.7836685,-122.7448349,1.32,0.56,md,13,66,0.006353,0.02,nc,nc73108271,2018-11-08T05:29:02.809Z,"1km NE of The Geysers, CA",earthquake,0.21,0.38,0.19,3,automatic,nc,nc
2018-11-08T05:05:34.360Z,33.6856667,-116.704,15.88,0.25,ml,20,105,0.02681,0.09,ci,ci38353832,2018-11-08T18:21:06.742Z,"6km SSE of Idyllwild, CA",earthquake,0.23,0.34,0.178,7,reviewed,ci,ci
2018-11-08T04:49:01.044Z,63.0691,-150.8893,120.5,3.9,ml,,,,0.42,ak,ak20335343,2018-11-08T16:41:30.738Z,"91km NNW of Talkeetna, Alaska",earthquake,,0.4,,,reviewed,ak,ak
2018-11-08T04:39:36.900Z,19.3343333,-155.1311667,5.45,2.16,ml,33,118,0.04826,0.1,hv,hv70678651,2018-11-08T19:44:14.130Z,"15km SE of Volcano, Hawaii",earthquake,0.35,0.78,0.193,30,reviewed,hv,hv
2018-11-08T04:36:03.550Z,33.631,-116.6896667,12.51,0.26,ml,19,61,0.04005,0.12,ci,ci38353824,2018-11-08T18:04:19.915Z,"9km N of Anza, CA",earthquake,0.28,0.41,0.159,6,reviewed,ci,ci
2018-11-08T04:35:44.307Z,61.4067,-146.2127,25.3,2.1,ml,,,,0.9,ak,ak20335341,2018-11-08T04:40:28.659Z,"31km NNE of Valdez, Alaska",earthquake,,0.2,,,automatic,ak,ak
2018-11-08T04:32:17.880Z,47.2398333,-113.1848333,13.26,1.45,ml,20,154,0.21,0.13,mb,mb80322479,2018-11-08T18:52:00.710Z,"23km ENE of Seeley Lake, Montana",earthquake,0.51,0.37,0.277,4,reviewed,mb,mb
2018-11-08T04:30:10.870Z,36.6906667,-121.3225,2.5,1.19,md,20,112,0.07989,0.02,nc,nc73108266,2018-11-08T21:13:02.332Z,"11km S of Tres Pinos, CA",earthquake,0.23,1.65,0.276,18,reviewed,nc,nc
2018-11-08T04:27:59.610Z,52.0756667,-176.1291667,-0.4,0.58,ml,5,128,0.02357,0.08,av,av61814011,2018-11-08T21:04:00.020Z,"42km ENE of Adak, Alaska",earthquake,0.33,0.32,,1,reviewed,av,av
2018-11-08T04:24:38.560Z,52.0611667,-176.1361667,2.99,-0.06,ml,4,189,0.009153,0.11,av,av61814006,2018-11-08T20:55:53.370Z,"41km ENE of Adak, Alaska",earthquake,0.56,0.74,0.132,4,reviewed,av,av
2018-11-08T04:24:03.630Z,33.5238333,-116.5525,11.69,0.24,ml,21,104,0.03808,0.1,ci,ci38353808,2018-11-08T17:56:15.026Z,"12km ESE of Anza, CA",earthquake,0.23,0.31,0.35,5,reviewed,ci,ci
2018-11-08T04:22:40.341Z,37.9757,-118.189,0,0.9,ml,5,240.97,0.371,0.1089,nn,nn00664707,2018-11-08T14:55:39.294Z,"68km NNE of Dixon Lane-Meadow Creek, California",earthquake,,0,0,1,reviewed,nn,nn
2018-11-08T04:22:09.440Z,33.4968333,-116.791,3.83,0.34,ml,20,57,0.01735,0.11,ci,ci38353800,2018-11-08T17:48:26.854Z,"9km NE of Aguanga, CA",earthquake,0.18,0.31,0.054,3,reviewed,ci,ci
2018-11-08T04:20:59.610Z,33.3335,-116.3585,10.13,0.58,ml,36,113,0.009895,0.19,ci,ci38353784,2018-11-08T15:52:34.998Z,"9km N of Borrego Springs, CA",earthquake,0.24,0.52,0.208,12,reviewed,ci,ci
2018-11-08T04:20:57.910Z,36.0448333,-117.8528333,1.78,0.69,ml,16,129,0.04793,0.09,ci,ci38353792,2018-11-08T15:34:08.898Z,"9km E of Coso Junction, CA",earthquake,0.16,0.17,0.083,5,reviewed,ci,ci
2018-11-08T03:55:37.490Z,38.8364983,-122.8268356,0.65,1.19,md,16,83,0.007072,0.05,nc,nc73108261,2018-11-08T06:03:03.007Z,"9km NW of The Geysers, CA",earthquake,0.23,0.44,0.17,4,automatic,nc,nc
2018-11-08T03:53:38.270Z,33.4866667,-116.7831667,4.28,0.78,ml,32,38,0.02938,0.18,ci,ci38353776,2018-11-08T14:24:08.330Z,"9km ENE of Aguanga, CA",earthquake,0.21,0.42,0.122,22,reviewed,ci,ci
2018-11-08T03:51:16.310Z,46.5816666666667,-119.8325,7.59,0.87,ml,9,214,,0.05,uw,uw61503062,2018-11-08T18:19:59.980Z,"12km SSE of Desert Aire, Washington",earthquake,0.46,0.2,0.0574003040170327,8,reviewed,uw,uw
2018-11-08T03:49:21.674Z,36.706,-115.6598,14.4,-0.1,ml,13,277.39,0.245,0.1779,nn,nn00664705,2018-11-08T14:37:12.963Z,"62km NNE of Pahrump, Nevada",earthquake,,4.6,0.34,3,reviewed,nn,nn
2018-11-08T03:39:13.340Z,33.2465,-116.063,9.67,0.91,ml,46,76,0.07281,0.22,ci,ci38353768,2018-11-08T15:30:41.876Z,"12km WSW of Salton City, CA",earthquake,0.22,0.64,0.119,14,reviewed,ci,ci
2018-11-08T03:31:54.660Z,52.0775,-176.1416667,2.03,-0.11,ml,4,240,0.02296,0.17,av,av70810389,2018-11-08T20:34:18.150Z,"41km ENE of Adak, Alaska",earthquake,1.95,1.13,0.146,4,reviewed,av,av
2018-11-08T03:25:53.970Z,19.4466667,-154.8778333,6.31,2.34,ml,15,196,0.03937,0.1,hv,hv70678561,2018-11-08T18:49:48.000Z,"4km ESE of Leilani Estates, Hawaii",earthquake,0.58,0.97,0.159,32,reviewed,hv,hv
2018-11-08T03:17:14.391Z,68.1178,-144.5038,1.1,2,ml,,,,1.41,ak,ak20335338,2018-11-08T03:29:17.449Z,"43km E of Arctic Village, Alaska",earthquake,,0.3,,,automatic,ak,ak
2018-11-08T03:13:06.180Z,44.7813333,-111.1321667,11.25,0.16,md,11,96,0.02354,0.18,uu,uu60303877,2018-11-08T17:20:44.610Z,"13km N of West Yellowstone, Montana",earthquake,0.63,0.98,0.131,7,reviewed,uu,uu
2018-11-08T03:11:16.890Z,33.976,-116.7356667,14.04,0.98,ml,52,70,0.074,0.16,ci,ci38353760,2018-11-08T15:15:05.024Z,"8km NE of Cabazon, CA",earthquake,0.19,0.36,0.163,27,reviewed,ci,ci
2018-11-08T03:10:56.990Z,33.9761667,-116.7263333,14.2,0.65,ml,27,94,0.08966,0.18,ci,ci37200380,2018-11-08T15:21:35.524Z,"9km NE of Cabazon, CA",earthquake,0.31,0.51,0.062,11,reviewed,ci,ci
2018-11-08T02:48:20.370Z,18.0166,-67.1701,6,2.02,md,5,275,0.0614,0.15,pr,pr2018312001,2018-11-08T05:20:26.734Z,"1km S of Boqueron, Puerto Rico",earthquake,1.06,0.38,0.17,5,reviewed,pr,pr
2018-11-08T02:39:42.078Z,57.5325,-154.596,57.5,1.5,ml,,,,0.17,ak,ak20335255,2018-11-08T18:46:29.862Z,"36km W of Larsen Bay, Alaska",earthquake,,2.3,,,reviewed,ak,ak
2018-11-08T02:34:46.617Z,37.2659,-117.5975,6.4,0.8,ml,17,158.89,0.051,0.1638,nn,nn00664693,2018-11-08T13:26:35.579Z,"58km SSW of Goldfield, Nevada",earthquake,,3,0.38,10,reviewed,nn,nn
2018-11-08T02:27:03.310Z,45.8606667,-111.3543333,3.12,1.83,ml,23,73,0.306,0.16,mb,mb80322469,2018-11-08T04:26:50.620Z,"1km WNW of Manhattan, Montana",earthquake,0.36,4.26,0.035,7,reviewed,mb,mb
2018-11-08T02:25:14.140Z,37.794,-121.6233333,9.8,1.36,md,19,91,0.02768,0.15,nc,nc73108241,2018-11-08T20:42:03.155Z,"7km W of Mountain House, CA",earthquake,0.35,0.83,0.147,17,reviewed,nc,nc
2018-11-08T02:17:55.652Z,61.7841,-149.1564,40.9,1.1,ml,,,,0.35,ak,ak20335254,2018-11-08T18:43:02.208Z,"6km NE of Fishhook, Alaska",earthquake,,0.6,,,reviewed,ak,ak
2018-11-08T02:15:13.340Z,42.254,141.3449,104.22,4.4,mb,,86,1.369,0.38,us,us1000hp4u,2018-11-08T02:43:18.040Z,"30km ESE of Muroran, Japan",earthquake,6.5,8.9,0.1,29,reviewed,us,us
2018-11-08T02:14:22.463Z,38.8482,-119.6733,9.8,0.6,ml,13,53.32,0.188,0.1884,nn,nn00664692,2018-11-08T13:14:15.595Z,"7km SE of Gardnerville Ranchos, Nevada",earthquake,,3.9,0.39,5,reviewed,nn,nn
2018-11-08T02:12:15.450Z,33.9375,-116.7101667,16.22,0.69,ml,35,69,0.1133,0.15,ci,ci38353752,2018-11-08T15:05:44.243Z,"7km ENE of Cabazon, CA",earthquake,0.23,0.5,0.183,9,reviewed,ci,ci
2018-11-08T02:09:53.223Z,61.3953,-147.1718,11.6,1.8,ml,,,,0.49,ak,ak20335251,2018-11-08T02:13:43.410Z,"53km NW of Valdez, Alaska",earthquake,,0.5,,,automatic,ak,ak
2018-11-08T02:08:30.340Z,19.211834,-155.4086609,31.7,1.8,md,34,162,0.02763,0.12,hv,hv70678486,2018-11-08T02:11:49.100Z,"7km E of Pahala, Hawaii",earthquake,0.59,0.72,0.1,4,automatic,hv,hv
2018-11-08T01:58:35.180Z,37.7951667,-121.6116667,15.61,2.78,md,87,37,0.03257,0.14,nc,nc73108236,2018-11-08T19:14:14.714Z,"6km WNW of Mountain House, CA",earthquake,0.17,0.26,0.127,77,reviewed,nc,nc
2018-11-08T01:50:28.440Z,19.2236667,-155.4116667,31.6,1.69,md,42,144,0.0192,0.11,hv,hv70678461,2018-11-08T02:31:49.720Z,"7km ENE of Pahala, Hawaii",earthquake,0.51,0.75,0.055,18,reviewed,hv,hv
2018-11-08T01:49:22.740Z,18.0088,-67.1811,6,2.37,md,18,217,0.0715,0.16,pr,pr2018312000,2018-11-08T03:24:23.343Z,"2km SSW of Boqueron, Puerto Rico",earthquake,0.61,0.35,0.38,17,reviewed,pr,pr
2018-11-08T01:48:01.745Z,63.1219,-150.3955,94.3,1.7,ml,,,,0.33,ak,ak20335052,2018-11-08T01:53:02.903Z,"78km WSW of Cantwell, Alaska",earthquake,,1.6,,,automatic,ak,ak
2018-11-08T01:38:40.240Z,37.5416667,-118.8266667,5.54,0.65,md,12,237,0.04831,0.02,nc,nc73108226,2018-11-08T03:22:59.804Z,"13km W of Toms Place, CA",earthquake,1.44,2.16,0.19,10,reviewed,nc,nc
2018-11-08T01:25:09.750Z,33.629,-116.6888333,12.28,0.38,ml,20,59,0.07201,0.11,ci,ci38353720,2018-11-08T14:23:43.205Z,"8km N of Anza, CA",earthquake,0.26,0.42,0.063,12,reviewed,ci,ci
2018-11-08T01:18:39.030Z,-21.0225,-178.4135,549.4,4.9,mb,,95,4.664,0.71,us,us1000hp3t,2018-11-08T01:29:36.040Z,"50km SE of Ndoi Island, Fiji",earthquake,13.4,13.3,0.145,15,reviewed,us,us
2018-11-08T01:09:39.499Z,60.7105,-150.2046,39.7,1.9,ml,,,,0.48,ak,ak20334952,2018-11-08T01:16:36.970Z,"36km ENE of Sterling, Alaska",earthquake,,0.6,,,automatic,ak,ak
2018-11-08T01:06:35.760Z,17.886,-66.946,14,1.96,md,7,244,0.1114,0.06,pr,pr2018312002,2018-11-08T05:21:28.686Z,"10km SSW of Guanica, Puerto Rico",earthquake,0.8,0.64,0.45,7,reviewed,pr,pr
2018-11-08T01:06:01.198Z,62.4152,-149.504,43.6,2.3,ml,,,,0.57,ak,ak20334946,2018-11-08T01:11:00.951Z,"32km ENE of Talkeetna, Alaska",earthquake,,1.2,,,automatic,ak,ak
2018-11-08T01:01:14.884Z,61.5505,-150.8326,50.3,1.9,ml,,,,0.32,ak,ak20334943,2018-11-08T01:05:35.227Z,"46km W of Big Lake, Alaska",earthquake,,0.7,,,automatic,ak,ak
2018-11-08T01:00:18.350Z,35.988,-120.117,17.69,1.76,md,40,158,0.07312,0.11,nc,nc73108216,2018-11-08T04:20:03.412Z,"2km SSE of Avenal, CA",earthquake,0.34,0.79,0.225,18,reviewed,nc,nc
2018-11-08T00:59:25.060Z,63.0955,-151.5264,16,1.1,ml,,,,0.52,ak,ak20334941,2018-11-08T01:03:53.365Z,"112km NW of Talkeetna, Alaska",earthquake,,0.3,,,automatic,ak,ak
2018-11-08T00:57:06.040Z,35.9875,-120.1201667,17.67,2.33,md,44,156,0.07387,0.13,nc,nc73108211,2018-11-08T04:35:02.492Z,"2km SSE of Avenal, CA",earthquake,0.26,0.65,0.356,29,reviewed,nc,nc
2018-11-08T00:56:32.270Z,-23.5313,179.5391,542.31,4.5,mb,,91,5.923,0.81,us,us1000hp3e,2018-11-08T01:18:15.040Z,"South of the Fiji Islands",earthquake,9.4,6.4,0.062,78,reviewed,us,us
2018-11-08T00:56:29.830Z,19.2189999,-155.4088287,32.31,1.84,md,37,159,0.02129,0.11,hv,hv70678391,2018-11-08T00:59:50.480Z,"7km ENE of Pahala, Hawaii",earthquake,0.68,0.8,0.02,3,automatic,hv,hv
2018-11-08T00:56:08.554Z,63.1542,-150.8164,112.8,1.8,ml,,,,0.7,ak,ak20334938,2018-11-08T01:00:39.663Z,"97km WSW of Cantwell, Alaska",earthquake,,0.8,,,automatic,ak,ak
2018-11-08T00:43:58.956Z,60.506,-150.7107,6,2,ml,,,,0.72,ak,ak20334928,2018-11-08T00:46:50.974Z,"4km SE of Sterling, Alaska",earthquake,,0.3,,,automatic,ak,ak
2018-11-08T00:41:49.770Z,38.8375015,-122.7845001,1.01,1.96,md,25,80,0.004653,0.04,nc,nc73108206,2018-11-08T01:05:03.896Z,"6km WNW of Cobb, CA",earthquake,0.16,0.28,0.07,7,automatic,nc,nc
2018-11-08T00:39:07.600Z,46.414,-122.377333333333,-1.09,1.36,ml,10,203,,0.2,uw,uw61503047,2018-11-08T01:22:32.770Z,"17km SSW of Morton, Washington",explosion,0.93,31.61,0.232835151863121,7,reviewed,uw,uw
2018-11-08T00:38:37.430Z,36.0805,-117.8521667,1.91,0.66,ml,9,209,0.07894,0.05,ci,ci38353672,2018-11-08T00:49:44.743Z,"10km ENE of Coso Junction, CA",earthquake,0.27,0.2,0.113,8,reviewed,ci,ci
2018-11-08T00:31:21.560Z,64.4559,-149.3994,12.8,1.6,ml,,,,0.73,ak,ak20334921,2018-11-08T00:37:31.692Z,"19km SW of North Nenana, Alaska",earthquake,,0.2,,,automatic,ak,ak
2018-11-08T00:14:39.514Z,58.2295,-153.0053,43.2,2.6,ml,,,,0.54,ak,ak20334904,2018-11-08T02:27:10.040Z,"56km NNW of Kodiak Station, Alaska",earthquake,,2,,,automatic,ak,ak
2018-11-08T00:06:50.987Z,63.9487,-148.6857,13.3,1.8,ml,,,,0.67,ak,ak20334900,2018-11-08T00:10:57.140Z,"17km NE of Healy, Alaska",earthquake,,0.3,,,automatic,ak,ak
2018-11-08T00:02:24.660Z,19.2296667,-155.4151667,32.72,1.75,md,46,138,0.01842,0.12,hv,hv70678336,2018-11-08T01:28:19.030Z,"7km ENE of Pahala, Hawaii",earthquake,0.52,0.69,0.107,20,reviewed,hv,hv
2018-11-08T00:01:51.430Z,33.5385,-116.4438333,8.88,0.54,ml,14,118,0.02136,0.1,ci,ci38353648,2018-11-08T00:46:39.724Z,"19km SW of La Quinta, CA",earthquake,0.32,0.66,0.14,10,reviewed,ci,ci
2018-11-07T23:57:40.680Z,44.7701667,-110.9558333,9.78,0.03,md,9,139,0.03745,0.13,uu,uu60303862,2018-11-08T21:42:31.980Z,"16km NE of West Yellowstone, Montana",earthquake,0.44,0.78,0.229,4,reviewed,uu,uu
2018-11-07T23:55:46.609Z,38.5788,-118.562,6.4,0.8,ml,4,259.86,0.058,0.2148,nn,nn00664675,2018-11-08T02:05:26.490Z,"8km NE of Hawthorne, Nevada",earthquake,,14.3,0,1,reviewed,nn,nn
2018-11-07T23:52:11.580Z,36.3031667,-89.5258333,7.33,1.27,md,7,120,0.03928,0.1,nm,nm60218067,2018-11-08T14:00:19.890Z,"5km NW of Ridgely, Tennessee",earthquake,0.55,0.75,0.08,6,reviewed,nm,nm
2018-11-07T23:50:20.670Z,18.6423,-65.0591,22,2.46,md,4,340,0.9348,0.29,pr,pr2018311006,2018-11-08T05:18:34.110Z,"35km NNW of Charlotte Amalie, U.S. Virgin Islands",earthquake,3.68,24.91,0.31,4,reviewed,pr,pr
2018-11-07T23:41:57.560Z,17.8886,-66.9448,14,2.01,md,4,246,0.1281,0.24,pr,pr2018311007,2018-11-08T05:19:24.302Z,"9km SSW of Guanica, Puerto Rico",earthquake,1.61,2.36,0.09,3,reviewed,pr,pr
2018-11-07T23:41:48.880Z,34.6366667,-117.3026667,-0.92,1.05,ml,24,50,0.07902,0.23,ci,ci38353616,2018-11-08T00:44:53.717Z,"11km N of Victorville, CA",quarry blast,0.45,31.61,0.112,15,reviewed,ci,ci
2018-11-07T23:37:16.720Z,33.2293333,-116.7361667,11.48,1.07,ml,41,62,0.02006,0.15,ci,ci38353608,2018-11-08T00:40:51.691Z,"3km ESE of Lake Henshaw, CA",earthquake,0.18,0.49,0.137,22,reviewed,ci,ci
2018-11-07T23:14:44.550Z,37.6271667,-118.8255,8.62,0.73,md,15,112,0.008903,0.04,nc,nc73108196,2018-11-07T23:51:03.478Z,"14km E of Mammoth Lakes, CA",earthquake,0.77,0.43,0.268,13,reviewed,nc,nc
2018-11-07T23:11:53.260Z,56.1373,-149.3119,19.99,3.7,ml,,154,2.448,0.58,us,us1000hp1x,2018-11-08T00:35:19.010Z,"263km SE of Kodiak, Alaska",earthquake,9.8,8.5,0.067,29,reviewed,us,us
2018-11-07T23:11:29.694Z,62.6817,-152.0096,0,1.3,ml,,,,0.83,ak,ak20334889,2018-11-07T23:14:12.843Z,"105km WNW of Talkeetna, Alaska",earthquake,,0.4,,,automatic,ak,ak
2018-11-07T23:09:00.640Z,37.4558333,-121.8156667,6.07,1.01,md,13,91,0.01335,0.08,nc,nc73108191,2018-11-07T23:34:30.019Z,"9km ENE of Milpitas, CA",earthquake,0.31,0.32,0.097,13,reviewed,nc,nc
2018-11-07T22:48:39.740Z,34.1786667,-117.3598333,13.01,0.72,ml,15,73,0.06469,0.11,ci,ci38353568,2018-11-08T00:32:08.056Z,"3km NNW of Muscoy, CA",earthquake,0.35,0.6,0.078,3,reviewed,ci,ci
